583 times,50
509 times,258
508 times,100
507 times,181
485 times,294
481 times,286
478 times,288
452 times,1
431 times,300
429 times,121
420 times,174
413 times,127
394 times,56
392 times,7
390 times,98
384 times,237
378 times,117
367 times,172
365 times,222
350 times,204,313
344 times,405
336 times,79
331 times,210
326 times,151
324 times,173
321 times,69
316 times,168,748
315 times,269
303 times,257
301 times,195
300 times,423
299 times,9
298 times,276,318
297 times,22,302
295 times,96,328
293 times,15,25,118
291 times,183
290 times,216
284 times,176
283 times,64
280 times,202,234
276 times,28,191
275 times,89
272 times,111
268 times,275
267 times,12,742
264 times,357
261 times,82
259 times,135,289
256 times,97,238
255 times,268
254 times,546
251 times,70,186,196,333
250 times,475
247 times,153
246 times,132
244 times,125,228
243 times,144,483
241 times,194
240 times,245,323
239 times,185,197
236 times,11
232 times,282
231 times,496
230 times,301,568
227 times,265,655
226 times,182
223 times,273
222 times,143
221 times,179,180,471
220 times,71,161
219 times,8,95,427,678
218 times,322
217 times,235
216 times,435
215 times,508
213 times,88
212 times,215
211 times,271
209 times,4,187,603
208 times,175,385
206 times,200,211,597
202 times,588
201 times,403,515
200 times,208
199 times,230
198 times,134,272
197 times,250
195 times,527
194 times,298,474
193 times,284
192 times,393
191 times,209
190 times,274
189 times,340
188 times,307
187 times,124
185 times,147
184 times,13
183 times,14
182 times,23,203
180 times,514,732,751
179 times,479,480,566
178 times,419,591
177 times,283
176 times,83,845
175 times,58,326,327
174 times,24,154,432
173 times,511
172 times,99,255
171 times,133,137,218,229,433,651
170 times,188,367,402,451
169 times,321,628,684
168 times,319,582
166 times,226
165 times,199
164 times,523,692,739
163 times,411
162 times,66,259,285,410,443
161 times,227
160 times,248,315,476
158 times,252,472
157 times,150,193,685
156 times,240
155 times,690
154 times,31
153 times,431,660
152 times,498
151 times,77,164,550
150 times,86,239
149 times,55,304,763
148 times,42,156,462,1028
147 times,293,654
146 times,281
145 times,310,455
143 times,91,332,358
142 times,231
138 times,87,484
137 times,94,177,347,559,705,735,1016
136 times,205,223,270,879
134 times,68,213,303,1047
133 times,47
132 times,243
131 times,2,657
130 times,109,249
129 times,72,129,418,531
128 times,53,73,148,241,325,482,756
127 times,62,157,198,260,291,596
126 times,346,473
125 times,116,178,324,485
124 times,190,233,246,343,520,526,750
123 times,501
122 times,504
121 times,170,428,447,509,510,528
120 times,38,217,521
119 times,631,746,866
118 times,169
117 times,48,242,449
116 times,184,192,380,663
115 times,65,123,659,762
114 times,29,214,292
113 times,331
112 times,93,316,408,815
111 times,219,382
110 times,81
109 times,225
108 times,470
107 times,679
106 times,122,162,421,895
105 times,136
104 times,54,92,478,709,928
103 times,67
102 times,317,554,699,747
101 times,159,232,264,378,404,708,926
100 times,381,665,682,1012
99 times,436
98 times,155,507,1014
97 times,33,126,356,429
96 times,290,306,755,919
95 times,90,131,477
93 times,412,430,529,576,820,1011
92 times,17,163,212,549,578,744
91 times,52,338,517,636,693,831
90 times,3,458,506,652,1039
89 times,10,201,399,518,642
88 times,661
87 times,39,305,386,689,715
86 times,5,673,720,792,864,988
85 times,280,425,448,465,924
84 times,21,781
83 times,59,825
82 times,63,152,625,640,662,717,823
81 times,32,49,51,420,604,729,873
80 times,45,312,519,530,826,930
79 times,44,584,658,696,710
78 times,287,736
77 times,295,629,676,1074
76 times,401,724,778
75 times,311,627,871,969
74 times,105,221,461,1101
73 times,26,101,299,417,525,1048
72 times,20,141,354,513,650,713
71 times,106,277,463,544,949
70 times,409,558,647,707
69 times,19,160,384,633,687,780
68 times,80,392,487,497,505,934,1035
67 times,114,120,167,371,434,469,491,569,648
66 times,189,207,220,262,452,538,606,607,790,855,993,1073
65 times,108,128,145,171,345,387,488,672
64 times,60,165,334,416,468,486,595,616,619,887,959,1009
63 times,450,481,516,553,727,740
62 times,254,414,499,1041
61 times,140,946
60 times,158,278,493,609,939
59 times,61,391,492,495,561,581,615,737,880,1119
58 times,85,166,632,716,722,741,898,923
57 times,27,40,142,502,512,754,770,827,931
56 times,395,494,813
55 times,344,369,413,847
54 times,76,102,396,535,675,721
53 times,441,702,840,849,875,886,892,1065
52 times,342,466,489,768,877
51 times,542,614,712,749
50 times,139,206,297,490,570,602,649,686,806,1017
49 times,406,541,683,772,824,833,955,977
48 times,244,365,456,467,562,674,841,948,1228
47 times,339,363,366,789,876,1007,1118
46 times,251,444,524,664,671,760,794,921,941,956,1046,1135
45 times,236,329,552,728,810,881,942,952,1079,1197
44 times,224,539,575,638,656,688,694,761,846,896,975,984,1010,1025,1067,1142,1188
43 times,261,336,379,407,540,589,620,809,890,944,1050,1091
42 times,107,769,844,872,900,902,1098
41 times,330,350,355,547,577,610,771,963,1051,1063,1110
40 times,43,57,611,639,697,802,819,929,932,943,945,1044
39 times,16,370,373,503,585,622,623,731,743,752,785,874,951,1060,1217,1221
38 times,637,646,1013,1021,1089,1134,1210
37 times,30,41,364,583,783,937,1008,1090
36 times,670,796,856,1244
35 times,266,522,567,644,979,1020,1059
34 times,372,586,612,653,680,723,829,882,922,925,961,971
33 times,78,573,641,878,990,1139,1267
32 times,426,580,765,774,936,940,974,989,1018,1022,1033,1126,1132,1226
31 times,110,349,368,383,500,605,630,738,779,797,808,995,1019,1023,1194
30 times,308,537,608,843,950,1133,1215,1220
29 times,563,572,719,764,1061,1095,1115,1136,1137
28 times,279,309,362,388,460,571,972,1042,1109,1129,1152,1411
27 times,46,348,389,457,464,564,613,645,681,734,805,842,905,978,1034,1070,1170
26 times,6,253,352,398,422,775,800,836,966,1149,1160,1218,1240,1284
25 times,415,818,834,837,938,960,991,1040,1045,1049,1052,1157,1163,1222
24 times,376,459,551,634,704,730,753,863,869,1036,1037,1053
23 times,130,149,375,635,962,986,1006,1054,1093,1199,1258,1315
22 times,445,532,560,565,624,821,832,953,980,985,1005,1057,1078,1113,1168,1176,1231
21 times,335,543,758,795,816,865,906,933,965,1084,1086,1121,1147,1203
20 times,112,320,351,601,904,908,982,1030,1208,1219,1296,1407
19 times,138,263,424,579,703,894,1103,1117,1153,1178,1183,1206,1245,1248,1265,1277,1283,1444
18 times,84,337,359,400,590,617,618,811,812,862,903,916,968,1069,1097,1105,1107,1185,1204,1230,1239,1303,1401,1478
17 times,557,773,947,1001,1038,1120,1140,1207,1232,1286
16 times,256,453,454,691,718,725,745,801,854,860,997,998,1032,1066,1071,1278,1280,1311,1419
15 times,103,115,533,574,700,733,835,859,888,983,1024,1058,1112,1143,1172,1209,1263,1273,1285,1291,1446,1451
14 times,353,440,587,726,786,853,893,958,996,1029,1165,1171,1225,1313
13 times,36,377,534,669,695,714,787,828,883,885,889,909,915,1088,1099,1116,1128,1131,1161,1182,1187,1192,1229,1281,1404
12 times,394,397,545,548,556,593,667,901,967,976,1015,1062,1068,1076,1092,1094,1124,1154,1166,1211,1224,1249,1266,1297,1428,1469,1483,1518
11 times,35,341,374,621,759,767,914,954,1085,1127,1159,1167,1190,1195,1254,1274,1314,1335,1421,1480
10 times,18,146,360,361,390,536,555,698,701,782,791,793,999,1000,1055,1056,1087,1114,1169,1180,1181,1184,1193,1268,1269,1336,1375,1400,1425,1434,1503,1540,1615
9 times,113,267,446,592,766,776,798,803,807,848,870,899,912,964,1004,1141,1145,1148,1150,1179,1214,1252,1279,1282,1298,1300,1337,1393,1415,1437,1471,1473,1620
8 times,37,804,918,970,981,1002,1003,1043,1077,1081,1082,1100,1174,1202,1227,1234,1238,1251,1255,1262,1276,1299,1381,1413,1426,1439,1449,1475,1479,1524
7 times,34,74,884,917,935,994,1031,1072,1075,1102,1111,1151,1173,1177,1198,1200,1243,1246,1253,1264,1270,1271,1288,1289,1294,1295,1305,1312,1316,1376,1379,1394,1399,1409,1435,1441,1456,1459,1462,1514,1522,1527,1531,1558
6 times,296,438,668,706,867,891,927,1083,1164,1205,1212,1213,1216,1233,1237,1241,1247,1250,1287,1322,1326,1328,1355,1368,1380,1383,1386,1388,1395,1405,1412,1454,1466,1468,1474,1512,1534,1591,1598
5 times,75,104,247,314,437,439,594,666,799,868,920,1108,1138,1162,1175,1242,1272,1301,1302,1324,1333,1344,1346,1353,1367,1378,1385,1392,1396,1397,1406,1416,1427,1431,1438,1440,1442,1470,1487,1489,1495,1496,1501,1509,1511,1517,1529,1530,1555,1592,1597
4 times,119,442,598,626,643,757,777,822,838,839,850,851,910,911,973,987,992,1026,1064,1104,1106,1125,1158,1223,1257,1259,1260,1261,1275,1317,1319,1330,1331,1338,1347,1369,1377,1382,1402,1403,1410,1422,1423,1429,1443,1445,1485,1488,1499,1521,1535,1537,1539,1545,1553,1560,1589,1600,1605,1608,1612,1628,1643,1664
3 times,788,817,858,861,1027,1096,1123,1144,1146,1155,1186,1189,1191,1196,1256,1292,1293,1318,1323,1327,1351,1356,1357,1361,1370,1372,1384,1387,1389,1391,1408,1418,1420,1424,1430,1432,1448,1463,1464,1465,1484,1490,1504,1506,1508,1513,1516,1528,1538,1544,1552,1602,1607,1609,1610,1622,1623,1639,1652,1658
2 times,600,784,897,907,913,957,1080,1290,1304,1306,1307,1308,1321,1332,1334,1342,1345,1350,1354,1358,1359,1360,1362,1365,1371,1374,1390,1398,1417,1433,1436,1450,1455,1467,1472,1477,1481,1491,1497,1500,1502,1519,1523,1532,1541,1542,1547,1549,1550,1551,1554,1556,1573,1578,1585,1588,1590,1594,1611,1617,1629,1631,1642,1644,1646,1656,1662,1672
1 times,599,677,711,814,830,852,857,1122,1130,1156,1201,1235,1236,1309,1310,1320,1325,1329,1339,1340,1341,1343,1348,1349,1352,1363,1364,1366,1373,1414,1447,1452,1453,1457,1458,1460,1461,1476,1482,1486,1492,1493,1494,1498,1505,1507,1510,1515,1520,1525,1526,1533,1536,1543,1546,1548,1557,1559,1561,1562,1563,1564,1565,1566,1567,1568,1569,1570,1571,1572,1574,1575,1576,1577,1579,1580,1581,1582,1583,1584,1586,1587,1593,1595,1596,1599,1601,1603,1604,1606,1613,1614,1616,1618,1619,1621,1624,1625,1626,1627,1630,1632,1633,1634,1635,1636,1637,1638,1640,1641,1645,1647,1648,1649,1650,1651,1653,1654,1655,1657,1659,1660,1661,1663,1665,1666,1667,1668,1669,1670,1671,1673,1674,1675,1676,1677,1678,1679,1680,1681,1682
